Name,Website,Group Membership
"ACOPAEX, SDAD. COOP.","http://www.acopaex.es/","AGROEXPO FEVAL DON DENITO ::: 28 Ene ::: asociaciones-cooperativas-y-organizaciones-agrarias-2"
"AFRUEX-ASOC. FRUTICULTORES DE EXTREMADURA","http://www.afruex.com/","AGROEXPO FEVAL DON DENITO ::: 28 Ene ::: asociaciones-cooperativas-y-organizaciones-agrarias-2"
"AN S. COOP.","http://www.grupoan.com","AGROEXPO FEVAL DON DENITO ::: 28 Ene ::: asociaciones-cooperativas-y-organizaciones-agrarias-2"
"APAG EXTREMADURA ASAJA","https://www.apagextremaduraasaja.es/","AGROEXPO FEVAL DON DENITO ::: 28 Ene ::: asociaciones-cooperativas-y-organizaciones-agrarias-2"
"COOPERATIVAS AGRO-ALIMENTARIAS EXTREMADURA","http://www.cooperativasextremadura.es/","AGROEXPO FEVAL DON DENITO ::: 28 Ene ::: asociaciones-cooperativas-y-organizaciones-agrarias-2"
"COMERCIAL AGROPECUARIA, S.A.T-CASAT","http://www.casat.es/es/","AGROEXPO FEVAL DON DENITO ::: 28 Ene ::: asociaciones-cooperativas-y-organizaciones-agrarias-2"
"UPA-UCE EXTREMADURA","https://www.upa.es/upa-uceextremadura/uControlador/index.php?nodo=1000","AGROEXPO FEVAL DON DENITO ::: 28 Ene ::: asociaciones-cooperativas-y-organizaciones-agrarias-2"
"APYME VEGAS ALTAS LA SERENA","http://apymedonbenito.com/","AGROEXPO FEVAL DON DENITO ::: 28 Ene ::: asociaciones-cooperativas-y-organizaciones-agrarias-2"
"ASOCIACIÓN PROFESIONAL DE AGRICULTORES Y GANADEROS DE DON BENITO Y COMARCA","https://www.agricultoresyganaderos.es/","AGROEXPO FEVAL DON DENITO ::: 28 Ene ::: asociaciones-cooperativas-y-organizaciones-agrarias-2"
"LA UNIÓN EXTREMADURA","https://www.launionextremadura.es/","AGROEXPO FEVAL DON DENITO ::: 28 Ene ::: asociaciones-cooperativas-y-organizaciones-agrarias-2"
"PRONAT S.C.","https://www.pronat.com.es/","AGROEXPO FEVAL DON DENITO ::: 28 Ene ::: asociaciones-cooperativas-y-organizaciones-agrarias-2"
"TOMATES DEL GUADIANA, S. COOP.","https://tomatesdelguadiana.es/","AGROEXPO FEVAL DON DENITO ::: 28 Ene ::: asociaciones-cooperativas-y-organizaciones-agrarias-2"
"DCOOP S. COOP. AND","https://www.dcoop.es/","AGROEXPO FEVAL DON DENITO ::: 28 Ene ::: asociaciones-cooperativas-y-organizaciones-agrarias-2"
"MOTRI TOOLS","http://www.motritools.com/","AGROEXPO FEVAL DON DENITO ::: 28 Ene ::: maquinaria-auxiliar-3"
"NEUMÁTICOS  AVENIDA","https://www.neumaticosavenida.com/quienes-somos-1","AGROEXPO FEVAL DON DENITO ::: 28 Ene ::: maquinaria-auxiliar-3"
"JBM CAMPLLONG S.L.U.","https://jbmcamp.com/","AGROEXPO FEVAL DON DENITO ::: 28 Ene ::: maquinaria-auxiliar-3"
"RL SUMINISTROS","https://rlsuministros.es/es/","AGROEXPO FEVAL DON DENITO ::: 28 Ene ::: maquinaria-auxiliar-3"
"DESGUACES CASQUERO S.L.","https://www.desguacescasquero.com/","AGROEXPO FEVAL DON DENITO ::: 28 Ene ::: maquinaria-auxiliar-3"
"GADOOR-FÁBRICA DE PUERTAS E AUTOMATISMOS, S.A.","https://www.gadoor.net/pt/home","AGROEXPO FEVAL DON DENITO ::: 28 Ene ::: automatismos-2"
"ISAGRI, S.L.U","https://www.isagri.es/","AGROEXPO FEVAL DON DENITO ::: 28 Ene ::: automatismos-2"
"AUTOMATISMOS ITEA S.L.","https://automatismositea.com/","AGROEXPO FEVAL DON DENITO ::: 28 Ene ::: automatismos-2"
"PASTOR INGIENERÍA AUTOMÁTICA S.L.U.","https://pastoringenieria.com/","AGROEXPO FEVAL DON DENITO ::: 28 Ene ::: automatismos-2"
"SOLUCIONES EN PROCESO DE PESAJE S.L.U.","https://www.soppslu.com/","AGROEXPO FEVAL DON DENITO ::: 28 Ene ::: automatismos-2"
"AUTOMAEX IBERICA","https://www.automaex.com/","AGROEXPO FEVAL DON DENITO ::: 28 Ene ::: automatismos-2"
"GASOLEOS GARCÍA-CAMACHO, S.L.","http://www.garciacamacho.com/","AGROEXPO FEVAL DON DENITO ::: 28 Ene ::: carburantes-gasoleos-2"
"PETROBARROS S.L.","https://petrobarros.com/","AGROEXPO FEVAL DON DENITO ::: 28 Ene ::: carburantes-gasoleos-2"
"OPFH FRUGALIA, S.L.","http://www.tanynature.com/","AGROEXPO FEVAL DON DENITO ::: 28 Ene ::: centrales-hortofruticolas-2"
"ABANCA CORPORACIÓN BANCARIA, S.A.","http://www.bancocaixageral.es/Pages/home.aspx","AGROEXPO FEVAL DON DENITO ::: 28 Ene ::: entidades-financieras-2"
"BANCO SANTANDER","https://www.bancosantander.es/es/particulares","AGROEXPO FEVAL DON DENITO ::: 28 Ene ::: entidades-financieras-2"
"CAIXABANK, S.A.","https://www.caixabank.es","AGROEXPO FEVAL DON DENITO ::: 28 Ene ::: entidades-financieras-2"
"CAJA RURAL DE EXTREMADURA","http://www.crextremadura.com/","AGROEXPO FEVAL DON DENITO ::: 28 Ene ::: entidades-financieras-2"
"CAJALMENDRALEJO","https://www.cajalmendralejo.es/","AGROEXPO FEVAL DON DENITO ::: 28 Ene ::: entidades-financieras-2"
"UNICAJA BANCO, S.A.","https://www.liberbank.es/","AGROEXPO FEVAL DON DENITO ::: 28 Ene ::: entidades-financieras-2"
"GRUPO LAURA OTERO","http://lauraotero.com/","AGROEXPO FEVAL DON DENITO ::: 28 Ene ::: energias-renovables-biomasa-2"
"ELECTRICIDAD LA SERENA S.L.","http://electricidadlaserena.com/","AGROEXPO FEVAL DON DENITO ::: 28 Ene ::: energias-renovables-biomasa-2"
"JYA FOTOVOLTAICA, S.L.","https://jyafotovoltaica.es/","AGROEXPO FEVAL DON DENITO ::: 28 Ene ::: energias-renovables-biomasa-2"
"TOTAL ENERGIES MARKETING ESPAÑA S.A.U.","https://www.totalenergies-ofertas.es/luz/?tsource=campanas_google_marca_ex_pc_&gad_source=1&gad_campaignid=23169238286&gbraid=0AAAAACPJAW-Hpa6YcAzkLBA2V4RgQWiO2&gclid=CjwKCAiA0eTJBhBaEiwA-Pa-hZe4x8WPVqZucG7oCK1TwzuTxXv5TsTpqomWe0edKEy1Xdq98kfoaBoCVbAQAvD_BwE","AGROEXPO FEVAL DON DENITO ::: 28 Ene ::: energias-renovables-biomasa-2"
"MIAJADAS TELECOM, S.L.U.","https://xortronica.com/","AGROEXPO FEVAL DON DENITO ::: 28 Ene ::: energias-renovables-biomasa-2"
"ARAN EUROPE, S.L.","http://www.araneurope.com/es/","AGROEXPO FEVAL DON DENITO ::: 28 Ene ::: envases-y-bidones-para-ind-tomate-2"
"ALVAREZ MADERAS Y ENVASES S.L.","https://alvarezame.com/","AGROEXPO FEVAL DON DENITO ::: 28 Ene ::: envases-y-bidones-para-ind-tomate-2"
"GREIF PORTUGAL, S.A.","https://www.greif.com/pt/global-footprint","AGROEXPO FEVAL DON DENITO ::: 28 Ene ::: envases-y-bidones-para-ind-tomate-2"
"GREXER IBÉRICA, S.L.","https://grexer.com/","AGROEXPO FEVAL DON DENITO ::: 28 Ene ::: envases-y-bidones-para-ind-tomate-2"
"FRES-CO SYSTEM ESPAÑA, S.A.U.","https://www.goglio.it/fr/","AGROEXPO FEVAL DON DENITO ::: 28 Ene ::: envases-y-bidones-para-ind-tomate-2"
"HANSIN EUROPE INTERNATIONAL TRADING B.V.","www.hansinpacking.com","AGROEXPO FEVAL DON DENITO ::: 28 Ene ::: envases-y-bidones-para-ind-tomate-2"
"BONANZA FOOD SOLUTIONS, S.L.U.","http://www.goodpack.com/","AGROEXPO FEVAL DON DENITO ::: 28 Ene ::: envases-y-bidones-para-ind-tomate-2"
"SINORPLÁSTICOS, LDA.","https://sinorplasticos.com/","AGROEXPO FEVAL DON DENITO ::: 28 Ene ::: envases-y-embalajes-plasticos-2"
"REDELPLAST SOLUCIONES PLÁSTICAS, S.L.","https://redelplast.es/","AGROEXPO FEVAL DON DENITO ::: 28 Ene ::: envases-y-embalajes-plasticos-2"
"GREXER IBÉRICA S.L","https://grexer.com/","AGROEXPO FEVAL DON DENITO ::: 28 Ene ::: envases-y-embalajes-plasticos-2"
"HANSIN EUROPE INTERNATIONAL TRADING B.V.","https://www.hansinpacking.com/","AGROEXPO FEVAL DON DENITO ::: 28 Ene ::: envases-y-embalajes-plasticos-2"
"JINGLE PACKAGING","https://www.suzhoujingle.com/","AGROEXPO FEVAL DON DENITO ::: 28 Ene ::: envases-y-embalajes-plasticos-2"
"PALÉC ECOLÓGICO S.L.","https://palec.es/","AGROEXPO FEVAL DON DENITO ::: 28 Ene ::: envases-y-embalajes-plasticos-2"
"AGRO RIEGOS MONTERO BADAJOZ, S.L.","https://agroriegosmontero.com","AGROEXPO FEVAL DON DENITO ::: 28 Ene ::: equipos-de-riego-motores-2"
"GRUPO CHAMARTIN, S.A.","https://grupochamartin.com/","AGROEXPO FEVAL DON DENITO ::: 28 Ene ::: equipos-de-riego-motores-2"
"HIDROTEN, S.A.","https://hidroten.com/es","AGROEXPO FEVAL DON DENITO ::: 28 Ene ::: equipos-de-riego-motores-2"
"MACROAGUA INGESAN, S.L.U.","https://www.macroagua.com/","AGROEXPO FEVAL DON DENITO ::: 28 Ene ::: equipos-de-riego-motores-2"
"RIEGOS ALMENDRALEJO, S.L.","https://rialriegos.com/","AGROEXPO FEVAL DON DENITO ::: 28 Ene ::: equipos-de-riego-motores-2"
"UNIATEC, S.L.","https://www.uniatec.es/","AGROEXPO FEVAL DON DENITO ::: 28 Ene ::: equipos-de-riego-motores-2"
"DISTRILEDO, S.L.","https://distriledo.com/","AGROEXPO FEVAL DON DENITO ::: 28 Ene ::: equipos-de-riego-motores-2"
"INRIEX S.L.","https://www.facebook.com/p/Inriex-100075783854036/?locale=es_LA","AGROEXPO FEVAL DON DENITO ::: 28 Ene ::: equipos-de-riego-motores-2"
"P&amp;G INSTALACIONES GANADERAS","https://www.facebook.com/p/PG-Instalaciones-Ganaderas-100089273474572/","AGROEXPO FEVAL DON DENITO ::: 28 Ene ::: equipos-de-riego-motores-2"
"GRAGERA INDUSTRIAL S.A.","https://graginsa.es/","AGROEXPO FEVAL DON DENITO ::: 28 Ene ::: equipos-de-riego-motores-2"
"GRUPO LAURA OTERO","http://lauraotero.com/","AGROEXPO FEVAL DON DENITO ::: 28 Ene ::: equipos-de-riego-motores-2"
"S.R. EXTREMADURA S.L.","https://www.servirriegos.es/","AGROEXPO FEVAL DON DENITO ::: 28 Ene ::: equipos-de-riego-motores-2"
"MIAJADAS TELECOM S.L.U.","https://xortronica.com/","AGROEXPO FEVAL DON DENITO ::: 28 Ene ::: equipos-de-riego-motores-2"
"KULCS CAR","https://www.facebook.com/p/KULCS-CAR-100093087182755/","AGROEXPO FEVAL DON DENITO ::: 28 Ene ::: equipos-de-riego-motores-2"
"MAQUINAS Y ACCESORIOS S.L.","https://maquitubo.es/nosotros-contacto/","AGROEXPO FEVAL DON DENITO ::: 28 Ene ::: equipos-de-riego-motores-2"
"AGROSOLUCIONES AHN, S.L.","http://agrodroneshn.com/","AGROEXPO FEVAL DON DENITO ::: 28 Ene ::: equipos-de-riego-motores-2"
"ANANTA SOLUCIONES INDUSTRIALES S.A.","https://ananta.es/","AGROEXPO FEVAL DON DENITO ::: 28 Ene ::: equipos-de-riego-motores-2"
"BAIC AGRO EUROPA S.L","https://baic-agri.com/es/sobre-nosotros/","AGROEXPO FEVAL DON DENITO ::: 28 Ene ::: fertilizantes-y-fitosanitarios-2"
"SERVALESA S.L.U.","https://servalesa.com/","AGROEXPO FEVAL DON DENITO ::: 28 Ene ::: fertilizantes-y-fitosanitarios-2"
"FMC AGRICULTURAL SOLUTIONS, S.A.U.","https://fmcagro.es/","AGROEXPO FEVAL DON DENITO ::: 28 Ene ::: fertilizantes-y-fitosanitarios-2"
"BAYER CROPSCIENCIE, S.L.","https://www.cropscience.bayer.es/","AGROEXPO FEVAL DON DENITO ::: 28 Ene ::: fertilizantes-y-fitosanitarios-2"
"SEIPASA","https://www.seipasa.com/es/","AGROEXPO FEVAL DON DENITO ::: 28 Ene ::: fertilizantes-y-fitosanitarios-2"
"SIPCAM IBERIA, S.L.","https://sipcamiberia.es/es/","AGROEXPO FEVAL DON DENITO ::: 28 Ene ::: fertilizantes-y-fitosanitarios-2"
"COSMOCEL IBÉRICA, S.L.","http://cosmocel2015.wixsite.com/english/","AGROEXPO FEVAL DON DENITO ::: 28 Ene ::: fertilizantes-y-fitosanitarios-2"
"CRESPILLO INSECTICIDAS, S.L.","https://es-es.facebook.com/pages/biz/pest_control-don-benito/Crespillo-Insecticidas-458960047775455/","AGROEXPO FEVAL DON DENITO ::: 28 Ene ::: fertilizantes-y-fitosanitarios-2"
"EUROCHEM AGRO IBERIA, S.L.","https://www.eurochemiberia.com/","AGROEXPO FEVAL DON DENITO ::: 28 Ene ::: fertilizantes-y-fitosanitarios-2"
"FERTIEX, S.L.","http://www.fertiex.es/","AGROEXPO FEVAL DON DENITO ::: 28 Ene ::: fertilizantes-y-fitosanitarios-2"
"FERTINAGRO AGROVIP S.L.","https://www.fertinagro.es/","AGROEXPO FEVAL DON DENITO ::: 28 Ene ::: fertilizantes-y-fitosanitarios-2"
"GAT FERTILIQUIDOS, S.A.U.","https://www.gatfertiliquidos.com/","AGROEXPO FEVAL DON DENITO ::: 28 Ene ::: fertilizantes-y-fitosanitarios-2"
"ALMACENES BOINA, S.L.","https://www.facebook.com/profile.php?id=100093570353083","AGROEXPO FEVAL DON DENITO ::: 28 Ene ::: fertilizantes-y-fitosanitarios-2"
"MERCOGUADIANA, S.L.","http://www.mercoguadiana.net/","AGROEXPO FEVAL DON DENITO ::: 28 Ene ::: fertilizantes-y-fitosanitarios-2"
"SUSTAINABLE AGRO SOLUTIONS, S.A.U.","https://www.sas-agri.com/","AGROEXPO FEVAL DON DENITO ::: 28 Ene ::: fertilizantes-y-fitosanitarios-2"
"ABEXTRE","https://www.abextre.com/","AGROEXPO FEVAL DON DENITO ::: 28 Ene ::: fertilizantes-y-fitosanitarios-2"
"TURBAS Y SUSTRATROS KAPER, S.L.","https://www.kaper.es/","AGROEXPO FEVAL DON DENITO ::: 28 Ene ::: fertilizantes-y-fitosanitarios-2"
"PRODUCTOS AJF, S.L.","https://www.productosajf.es/","AGROEXPO FEVAL DON DENITO ::: 28 Ene ::: fertilizantes-y-fitosanitarios-2"
"CULTIFORT S.L.","https://www.cultifort.com/","AGROEXPO FEVAL DON DENITO ::: 28 Ene ::: fertilizantes-y-fitosanitarios-2"
"AGRICOTEC S.L.","https://www.agricotec.es/","AGROEXPO FEVAL DON DENITO ::: 28 Ene ::: fertilizantes-y-fitosanitarios-2"
"AGRIFEED S.L.","https://www.instagram.com/agrifeedsemillas/","AGROEXPO FEVAL DON DENITO ::: 28 Ene ::: fertilizantes-y-fitosanitarios-2"
"FERBIO (FERTILIZANTES BIOTECH, S.L)","https://ferbio.es/","AGROEXPO FEVAL DON DENITO ::: 28 Ene ::: fertilizantes-y-fitosanitarios-2"
"MANICA COBRE S.L.","https://www.manicacobre.com/","AGROEXPO FEVAL DON DENITO ::: 28 Ene ::: fertilizantes-y-fitosanitarios-2"
"MOTICOLO BRES, S.L.","https://www.facebook.com/Moticolobres.es/about","AGROEXPO FEVAL DON DENITO ::: 28 Ene ::: fertilizantes-y-fitosanitarios-2"
"INTERGAL ESPAÑOLA, S.A.U","https://www.fertiberiatech.com/","AGROEXPO FEVAL DON DENITO ::: 28 Ene ::: fertilizantes-y-fitosanitarios-2"
"HILFE AGROTECHNICAL VERKAUF, S.L.U.","https://hilfeagrotechnical.com/","AGROEXPO FEVAL DON DENITO ::: 28 Ene ::: fertilizantes-y-fitosanitarios-2"
"SOCIEDAD AGRICOLA GALLEGA S.L.","https://soaga.com/","AGROEXPO FEVAL DON DENITO ::: 28 Ene ::: fertilizantes-y-fitosanitarios-2"
"GUERRERO FERTILIZANTES","https://www.guerrerofertilizantes.es/","AGROEXPO FEVAL DON DENITO ::: 28 Ene ::: fertilizantes-y-fitosanitarios-2"
"AGRI NOVA SCIENCE S.A.","https://agri-nova.com/","AGROEXPO FEVAL DON DENITO ::: 28 Ene ::: fertilizantes-y-fitosanitarios-2"
"QUIVALTEC SOLUCIONES AGROALIMENARIAS, S.L.","https://quivaltec.com/","AGROEXPO FEVAL DON DENITO ::: 28 Ene ::: fertilizantes-y-fitosanitarios-2"
"LEONESA ASTUR DE PIENSOS-LESA, S.A.","https://lesa.es/","AGROEXPO FEVAL DON DENITO ::: 28 Ene ::: fertilizantes-y-fitosanitarios-2"
"DELSO","https://delso.com/","AGROEXPO FEVAL DON DENITO ::: 28 Ene ::: fertilizantes-y-fitosanitarios-2"
"NOSTOC BIOTECHNOLOGIES S.L.","https://nostoc.es/","AGROEXPO FEVAL DON DENITO ::: 28 Ene ::: fertilizantes-y-fitosanitarios-2"
"AGROCRISARA, S.L.","https://crisagro.com/","AGROEXPO FEVAL DON DENITO ::: 28 Ene ::: fertilizantes-y-fitosanitarios-2"
"INDUSTRIAS QUÍMICAS FERVALLE, S.L.","https://www.fervalle.com/?srsltid=AfmBOop41iQg-7X_TgxtZZxRYma4o06GgeS792Olf-2Ub_bShGCSwWUh","AGROEXPO FEVAL DON DENITO ::: 28 Ene ::: fertilizantes-y-fitosanitarios-2"
"ALLTECH CROP SCIENCE IBERIA S.L.U.","https://www.alltech.com/","AGROEXPO FEVAL DON DENITO ::: 28 Ene ::: fertilizantes-y-fitosanitarios-2"
"AGROSANITARIO, S.L.","https://agronutrients.com/","AGROEXPO FEVAL DON DENITO ::: 28 Ene ::: fertilizantes-y-fitosanitarios-2"
"AGROSOLUCIONES AHN, S.L.","https://www.agrodroneshn.com/","AGROEXPO FEVAL DON DENITO ::: 28 Ene ::: fertilizantes-y-fitosanitarios-2"
"KENOGARD","https://kenogard.es/","AGROEXPO FEVAL DON DENITO ::: 28 Ene ::: fertilizantes-y-fitosanitarios-2"
"ANTONIO MENA, S.L.","https://www.antoniomenasl.com/","AGROEXPO FEVAL DON DENITO ::: 28 Ene ::: fertilizantes-y-fitosanitarios-2"
"FERTICAMPO","https://www.facebook.com/ferticampos/?locale=es_ES","AGROEXPO FEVAL DON DENITO ::: 28 Ene ::: fertilizantes-y-fitosanitarios-2"
"STOLLER EUROPE, S.L.U.","https://www.corteva.com/es","AGROEXPO FEVAL DON DENITO ::: 28 Ene ::: fertilizantes-y-fitosanitarios-2"
"ASCENZA PRODUCTOS PARA AGRICULTURA, S.A.U.","https://ascenza.es/es","AGROEXPO FEVAL DON DENITO ::: 28 Ene ::: fertilizantes-y-fitosanitarios-2"
"NACARINO, S.L.","https://www.agricolanacarino.com/","AGROEXPO FEVAL DON DENITO ::: 28 Ene ::: fertilizantes-y-fitosanitarios-2"
"ASFERTGLOBAL","https://www.asfertglobal.com/?gad_source=1&gad_campaignid=10512582450&gbraid=0AAAAACUJdjzZOQSJE788dqSDW2fMPdBFc&gclid=CjwKCAiA95fLBhBPEiwATXUsxEElJSyL6uRG9buYNuMuCw_cLoapeRZ2da0lwEwWJkZPOsMKkZZXeBoCAZEQAvD_BwE","AGROEXPO FEVAL DON DENITO ::: 28 Ene ::: fertilizantes-y-fitosanitarios-2"
"MORCILLO COMERCIAL FERRETERA, S.L.","https://www.ferreteriamorcillo.com/","AGROEXPO FEVAL DON DENITO ::: 28 Ene ::: herramientas-y-prod-ferreteria-2"
"FERRETERIA INDUSTRIAL GRUPO 15","http://www.grupo15.com/","AGROEXPO FEVAL DON DENITO ::: 28 Ene ::: herramientas-y-prod-ferreteria-2"
"ALTUNA HNOS., S.A.","https://www.altuna.es/","AGROEXPO FEVAL DON DENITO ::: 28 Ene ::: herramientas-y-prod-ferreteria-2"
"BELLOTA HERRAMIENTAS, S.L.U.","https://www.bellota.com","AGROEXPO FEVAL DON DENITO ::: 28 Ene ::: herramientas-y-prod-ferreteria-2"
"JBM","https://jbmcamp.com/","AGROEXPO FEVAL DON DENITO ::: 28 Ene ::: herramientas-y-prod-ferreteria-2"
"MAQUINEX EUROPA, S.L.","https://maquinex.eu/","AGROEXPO FEVAL DON DENITO ::: 28 Ene ::: herramientas-y-prod-ferreteria-2"
"BOSCH","https://www.bosch-professional.com/es/es/?utm_source=google&utm_source_platform=Google+Ads&utm_medium=cpc&utm_campaign=BoschPRO-eshopOct25-ND_SAD_Range_Range_AlwaysOn_ES-ES-GoogleAds-PerformanceMax-IDOKND-Brand-ND&utm_id=23035683770&utm_term=&utm_content=local_pmax_range_adgapid_023_844355_00028723_001_0_0&gad_source=1&gad_campaignid=23035684775&gbraid=0AAAAA9YK1svEv5TnxPrfGlRmk2TMK8s3i&gclid=CjwKCAiAl-_JBhBjEiwAn3rN7Vr_lBwSNhA_cPMhbTgGuyAFmkDaixgl0FFujFfeo63zuI77mfX3KhoCMW8QAvD_BwE","AGROEXPO FEVAL DON DENITO ::: 28 Ene ::: herramientas-y-prod-ferreteria-2"
"MOTRITOOLS","https://www.motritools.com/","AGROEXPO FEVAL DON DENITO ::: 28 Ene ::: herramientas-y-prod-ferreteria-2"
"RL SUMINISTROS","https://rlsuministros.es/es/","AGROEXPO FEVAL DON DENITO ::: 28 Ene ::: herramientas-y-prod-ferreteria-2"
"KULCSCAR","https://www.facebook.com/p/KULCS-CAR-100093087182755/","AGROEXPO FEVAL DON DENITO ::: 28 Ene ::: herramientas-y-prod-ferreteria-2"
"FILTROS Y SUMINISTROS GARCIA FRESNEDA S.L.","https://aovifil.com/","AGROEXPO FEVAL DON DENITO ::: 28 Ene ::: herramientas-y-prod-ferreteria-2"
"AGROSOLUCIONES AHN, S.L.","https://www.agrodroneshn.com/","AGROEXPO FEVAL DON DENITO ::: 28 Ene ::: herramientas-y-prod-ferreteria-2"
"SERVINDUSTRIAL TIERRA DE BARROS, S.L.","https://www.setiba.es/","AGROEXPO FEVAL DON DENITO ::: 28 Ene ::: herramientas-y-prod-ferreteria-2"
"REMOTAL, S.L.","https://remotal.es/","AGROEXPO FEVAL DON DENITO ::: 28 Ene ::: herramientas-y-prod-ferreteria-2"
"NATAKRIS, S.L.","https://ofertashoyeuropa.com/tienda/es/","AGROEXPO FEVAL DON DENITO ::: 28 Ene ::: herramientas-y-prod-ferreteria-2"
"IMEX EL ZORRO","https://www.imexelzorro.com/","AGROEXPO FEVAL DON DENITO ::: 28 Ene ::: herramientas-y-prod-ferreteria-2"
"NIPPON GASES","https://nippongases.com/es-es","AGROEXPO FEVAL DON DENITO ::: 28 Ene ::: herramientas-y-prod-ferreteria-2"
"ABRATOOLS S.A.","https://abratools.com/es/","AGROEXPO FEVAL DON DENITO ::: 28 Ene ::: herramientas-y-prod-ferreteria-2"
"XFARM TECHNOLOGIES S.A.","https://xfarm.ag/es","AGROEXPO FEVAL DON DENITO ::: 28 Ene ::: informatica-aplicada-agricultura-de-precision-2"
"ISAGRI, S.L.U.","https://www.isagri.es/Inicio/Inicio.aspx","AGROEXPO FEVAL DON DENITO ::: 28 Ene ::: informatica-aplicada-agricultura-de-precision-2"
"AGROSAT","https://agrosat.io/","AGROEXPO FEVAL DON DENITO ::: 28 Ene ::: informatica-aplicada-agricultura-de-precision-2"
"AUTOMAEX IBÉRICA, S.L.","https://www.automaex.com/about","AGROEXPO FEVAL DON DENITO ::: 28 Ene ::: informatica-aplicada-agricultura-de-precision-2"
"MIAJADAS TELECOM S.L.U.","https://xortronica.com/","AGROEXPO FEVAL DON DENITO ::: 28 Ene ::: informatica-aplicada-agricultura-de-precision-2"
"BERS CONSULTEM TRANSFORMACION DIGITAL, S.L.","https://www.bersconsulteam.com/","AGROEXPO FEVAL DON DENITO ::: 28 Ene ::: informatica-aplicada-agricultura-de-precision-2"
"FOSS IBERIA, S.A.U.","https://www.fossanalytics.com/es-es/","AGROEXPO FEVAL DON DENITO ::: 28 Ene ::: informatica-aplicada-agricultura-de-precision-2"
"SENCROP","https://www.sencrop.com/es","AGROEXPO FEVAL DON DENITO ::: 28 Ene ::: informatica-aplicada-agricultura-de-precision-2"
"ANANTA SOLUCIONES INDUSTRIALES, S.A.","http://www.ananta.es/","AGROEXPO FEVAL DON DENITO ::: 28 Ene ::: ingenierias-consultorias-3"
"AGROINGEX, S.L.","http://www.agroingex.es/","AGROEXPO FEVAL DON DENITO ::: 28 Ene ::: ingenierias-consultorias-3"
"AGRODEX. S.L.","https://www.agrodex.es/","AGROEXPO FEVAL DON DENITO ::: 28 Ene ::: ingenierias-consultorias-3"
"PASTOR INGENIERÍA ATOMÁTICA","https://pastoringenieria.com/","AGROEXPO FEVAL DON DENITO ::: 28 Ene ::: ingenierias-consultorias-3"
"BERS CONSULTEAM TRANSFORMACION DIGITAL, S.L.","https://www.bersconsulteam.com/","AGROEXPO FEVAL DON DENITO ::: 28 Ene ::: ingenierias-consultorias-3"
"AGROSAT","https://agrosat.io/","AGROEXPO FEVAL DON DENITO ::: 28 Ene ::: innovacion-proyectos"
"BANDAS CORTES S.L.","https://www.bandascortes.com/","AGROEXPO FEVAL DON DENITO ::: 28 Ene ::: innovacion-proyectos"
"LASER OESTE SUB. TECNOLOGICAS 4.0. S.L.","https://www.laseroeste.es/","AGROEXPO FEVAL DON DENITO ::: 28 Ene ::: innovacion-proyectos"
"NUNHEMS SPAIN, S.A.U.","https://www.nunhems.com/es/es","AGROEXPO FEVAL DON DENITO ::: 28 Ene ::: innovacion-proyectos"
"SERVICIO EXTREMEÑO PÚBLICO DE EMPLEO-SEXPE","http://extremaduratrabaja.juntaex.es/","AGROEXPO FEVAL DON DENITO ::: 28 Ene ::: instituciones-publicas-y-organismos-varios-2"
"JUNTA DE EXTREMADURA-Consejería de Educación y Empleo","https://www.educarex.es/fp","AGROEXPO FEVAL DON DENITO ::: 28 Ene ::: instituciones-publicas-y-organismos-varios-2"
"CONFEDERACIÓN REGIONAL EMPRESARIAL EXTREMEÑA. CREEX","https://www.creex.es/3.X/","AGROEXPO FEVAL DON DENITO ::: 28 Ene ::: instituciones-publicas-y-organismos-varios-2"
"JUNTA DE EXTREMADURA-Consejería de Agricultura, Desarrollo Rural, Población y Territorio","http://www.juntaex.es/con03/","AGROEXPO FEVAL DON DENITO ::: 28 Ene ::: instituciones-publicas-y-organismos-varios-2"
"CICYTEX","http://cicytex.juntaex.es/es/","AGROEXPO FEVAL DON DENITO ::: 28 Ene ::: instituciones-publicas-y-organismos-varios-2"
"CDTI","http://puntotic.juntaex.es/","AGROEXPO FEVAL DON DENITO ::: 28 Ene ::: instituciones-publicas-y-organismos-varios-2"
"COLEGIO OFICIAL DE INGENIEROS TÉCNICOS AGRÍCOLAS Y GRADUADOS EN INGIENERIA AGRARIA DE BADAJOZ","http://itabadajoz.web.e-visado.net/Inicio.aspx","AGROEXPO FEVAL DON DENITO ::: 28 Ene ::: instituciones-publicas-y-organismos-varios-2"
"SOLUCIONES INTEGRALES DE LABORATORIO, S.L.","https://www.tecnilab.es/","AGROEXPO FEVAL DON DENITO ::: 28 Ene ::: http://www.feval.com/agroexpo/laboratorios/"
"AGRÍCOLA CORBACHO, S.L.","https://agricolacorbacho.es/","AGROEXPO FEVAL DON DENITO ::: 28 Ene ::: maquinaria-agricola-3"
"AGRICOLA VILLANOVENSE, S.A.","http://www.agrivisa.com/","AGROEXPO FEVAL DON DENITO ::: 28 Ene ::: maquinaria-agricola-3"
"AGROBELLON, S.L.","http://agrobellon.es/","AGROEXPO FEVAL DON DENITO ::: 28 Ene ::: maquinaria-agricola-3"
"CAPILLA FABRICACIÓN DE MAQUINARIA","http://www.capillafma.com/es/","AGROEXPO FEVAL DON DENITO ::: 28 Ene ::: maquinaria-agricola-3"
"MAQUINARIA AGRÍCOLA NACARINO S.L.","http://www.nacarinosl.es/","AGROEXPO FEVAL DON DENITO ::: 28 Ene ::: maquinaria-agricola-3"
"MASESUR, S.L.","http://www.masesur.es/","AGROEXPO FEVAL DON DENITO ::: 28 Ene ::: maquinaria-agricola-3"
"MIGUEL ÁNGEL VILLENA CABEZA","https://mavillenamaquinariaagricola.com/","AGROEXPO FEVAL DON DENITO ::: 28 Ene ::: maquinaria-agricola-3"
"MILA MAQUINARIA AGRICOLA S.L.U.","http://www.milacat.com/","AGROEXPO FEVAL DON DENITO ::: 28 Ene ::: maquinaria-agricola-3"
"NIARSA MAQUINARIA AGRICOLA S.L.","http://www.niarsa.com/index.php","AGROEXPO FEVAL DON DENITO ::: 28 Ene ::: maquinaria-agricola-3"
"SAHER MAQUINARIA AGRICOLA S.L.","http://www.saher.es/","AGROEXPO FEVAL DON DENITO ::: 28 Ene ::: maquinaria-agricola-3"
"TECNOAGRI MAQUINARIA, S.L.","https://tecnoagri.com/","AGROEXPO FEVAL DON DENITO ::: 28 Ene ::: maquinaria-agricola-3"
"AGROMAQUINARIA GC 2020, S.L.U.","https://www.agromaquinariagc.es/","AGROEXPO FEVAL DON DENITO ::: 28 Ene ::: maquinaria-agricola-3"
"COMERCIAL LLANOS, S.A.","http://www.cllanos.net/","AGROEXPO FEVAL DON DENITO ::: 28 Ene ::: maquinaria-agricola-3"
"DESGUACES CASQUERO, S.L.","https://www.desguacescasquero.com/","AGROEXPO FEVAL DON DENITO ::: 28 Ene ::: maquinaria-agricola-3"
"REPUESTOS AGRICOLAS EXTREMEÑOS, S.L. (RECAEX)","https://www.facebook.com/recaexdonbenito/","AGROEXPO FEVAL DON DENITO ::: 28 Ene ::: maquinaria-agricola-3"
"TALLERES CONTADOR, S.L.","https://www.tallerescontador.es/","AGROEXPO FEVAL DON DENITO ::: 28 Ene ::: maquinaria-agricola-3"
"AGRIVEAL","https://www.agriveal.com/","AGROEXPO FEVAL DON DENITO ::: 28 Ene ::: maquinaria-agricola-3"
"S.C.S. SURVEY CAD SYSTEM SRL","https://www.pfcad.it/","AGROEXPO FEVAL DON DENITO ::: 28 Ene ::: maquinaria-agricola-3"
"AGRICOLA CONEJO S.L.","https://agricolaconejo.com/","AGROEXPO FEVAL DON DENITO ::: 28 Ene ::: maquinaria-agricola-3"
"BERROMAZ TRADE CLUSTER, S.L.","https://www.berromaz.com/","AGROEXPO FEVAL DON DENITO ::: 28 Ene ::: maquinaria-agricola-3"
"GRAGERA INDUSTRIAL, S.A.","https://graginsa.es/","AGROEXPO FEVAL DON DENITO ::: 28 Ene ::: maquinaria-agricola-3"
"SERVINDUSTRIAL TIERRA DE BARROS, S.L.","https://www.setiba.es/","AGROEXPO FEVAL DON DENITO ::: 28 Ene ::: maquinaria-agricola-3"
"PULVERAGRO","https://pulveragro.com/","AGROEXPO FEVAL DON DENITO ::: 28 Ene ::: maquinaria-agricola-3"
"SUMINISTROS PAREDES","https://www.suministrosparedes.com/","AGROEXPO FEVAL DON DENITO ::: 28 Ene ::: maquinaria-agricola-3"
"TIMAQ IBÉRICA, S.L.","https://www.timaqiberica.com/","AGROEXPO FEVAL DON DENITO ::: 28 Ene ::: maquinaria-agricola-3"
"REMOTAL, S.L.","https://remotal.es/","AGROEXPO FEVAL DON DENITO ::: 28 Ene ::: maquinaria-agricola-3"
"VALRENTAL 2017, S.L.","https://valrental.es/","AGROEXPO FEVAL DON DENITO ::: 28 Ene ::: maquinaria-agricola-3"
"JOSE ANTONIO GALLARDO BERMEJO","https://www.maquinariaagricolachele.es/","AGROEXPO FEVAL DON DENITO ::: 28 Ene ::: maquinaria-agricola-3"
"JAR/ ILDEFONSO ROSA RAMÍREZ E HIJOS S.L","https://www.jarirr.com/","AGROEXPO FEVAL DON DENITO ::: 28 Ene ::: maquinaria-auxiliar-del-olivar-2"
"INDUSTRIAS DE LA ROSA, S.L.","https://industriasdelarosa.com/","AGROEXPO FEVAL DON DENITO ::: 28 Ene ::: maquinaria-auxiliar-del-olivar-2"
"PIERALISI ESPAÑA, S.L.U.","https://www.pieralisi.com/es/es/","AGROEXPO FEVAL DON DENITO ::: 28 Ene ::: maquinaria-auxiliar-del-olivar-2"
"CLEMENTE INDUSTRY, S.L.","https://www.clementeindustry.com/es/","AGROEXPO FEVAL DON DENITO ::: 28 Ene ::: maquinaria-auxiliar-del-olivar-2"
"CENTRIFUGACION ALEMANA, S.L.","https://centrifugacionalemana.com/","AGROEXPO FEVAL DON DENITO ::: 28 Ene ::: maquinaria-auxiliar-del-olivar-2"
"CALDERERIA MANZANO, S.A.","https://caldereriamanzano.net/","AGROEXPO FEVAL DON DENITO ::: 28 Ene ::: maquinaria-auxiliar-del-olivar-2"
"COMERCIAL AUTOGOMA, S.L.","https://www.autogoma.es/index.html","AGROEXPO FEVAL DON DENITO ::: 28 Ene ::: maquinaria-auxiliar-del-olivar-2"
"D.ESPI","https://talleresespi.com/","AGROEXPO FEVAL DON DENITO ::: 28 Ene ::: maquinaria-auxiliar-del-olivar-2"
"SOLUCIONES INTEGRALES DE LABORATORIO, S.L.","https://www.tecnilab.es/","AGROEXPO FEVAL DON DENITO ::: 28 Ene ::: maquinaria-auxiliar-del-olivar-2"
"ELECTROMECÁNICA CAÑONES, S.L.","https://www.videlsur.es/","AGROEXPO FEVAL DON DENITO ::: 28 Ene ::: maquinaria-auxiliar-del-olivar-2"
"ELECTROMECANICA CAÑONES, S.L.","https://www.videlsur.es/","AGROEXPO FEVAL DON DENITO ::: 28 Ene ::: maquinaria-del-olivar-2"
"ILDEFONSO ROSA RAMIREZ E HIJOS, S.L.","http://www.jarirr.com/","AGROEXPO FEVAL DON DENITO ::: 28 Ene ::: maquinaria-del-olivar-2"
"PIERALISI ESPAÑA, S.L.U.","http://www.pieralisi.com/es/","AGROEXPO FEVAL DON DENITO ::: 28 Ene ::: maquinaria-del-olivar-2"
"BANDAS CORTÉS, S.L.","https://www.bandascortes.com/","AGROEXPO FEVAL DON DENITO ::: 28 Ene ::: maquinaria-del-olivar-2"
"CENTRIFUGACIÓN ALEMANA, S.L.","http://www.centrifugacionalemana.com/","AGROEXPO FEVAL DON DENITO ::: 28 Ene ::: maquinaria-del-olivar-2"
"VIBRADORES ALDAMA, S.L.","https://vibradoresaldama.com/","AGROEXPO FEVAL DON DENITO ::: 28 Ene ::: maquinaria-del-olivar-2"
"ALFA LAVAL IBÉRIA, S.L.","https://www.alfalaval.es/industrias/alimentos-lacteos-y-bebidas/procesado-de-alimentos/procesado-de-grasas-y-aceites/elaboracion-de-aceite-de-oliva/","AGROEXPO FEVAL DON DENITO ::: 28 Ene ::: maquinaria-del-olivar-2"
"REPARACIONES EL ZARCEÑO S.L.","https://www.facebook.com/p/Reparaciones-El-Zarce%C3%B1o-100021514697629/?locale=es_ES","AGROEXPO FEVAL DON DENITO ::: 28 Ene ::: maquinaria-del-olivar-2"
"LÁSER OESTE, SUBCONTRATACIONES TECNOLÓGICAS 4.0, S.L.","https://www.laseroeste.es/","AGROEXPO FEVAL DON DENITO ::: 28 Ene ::: maquinaria-del-olivar-2"
"CLEMENTE INDUSTRY","https://www.clementeindustry.com/es/","AGROEXPO FEVAL DON DENITO ::: 28 Ene ::: maquinaria-del-olivar-2"
"MANTENIMIENTO Y TRANSPORTADORES, S.L.","https://www.emantrasl.com/","AGROEXPO FEVAL DON DENITO ::: 28 Ene ::: maquinaria-del-olivar-2"
"D.ESPI","https://talleresespi.com/","AGROEXPO FEVAL DON DENITO ::: 28 Ene ::: maquinaria-del-olivar-2"
"CALDERERÍA RIVERO, S.L.","https://caldereriarivero.es/","AGROEXPO FEVAL DON DENITO ::: 28 Ene ::: maquinaria-del-olivar-2"
"SOLUCIONES EN PROCESO DE PESAJE SLU","https://www.soppslu.com/","AGROEXPO FEVAL DON DENITO ::: 28 Ene ::: maquinaria-del-olivar-2"
"VIBRADORES ALDAMA, S.L.","https://vibradoresaldama.com/","AGROEXPO FEVAL DON DENITO ::: 28 Ene ::: maquinaria-del-olivar-2"
"MARTIN Y BOHORQUEZ CIJUELA, S.L.","https://martinbohorquez.com/","AGROEXPO FEVAL DON DENITO ::: 28 Ene ::: maquinaria-del-olivar-2"
"GEA WESTFALIA SEPARATOR IBÉRICA, S.A.","https://www.gea.com/es/solutions/olive-oil-recovery.jsp","AGROEXPO FEVAL DON DENITO ::: 28 Ene ::: maquinaria-del-olivar-2"
"AUTOMATISMOS ITEA","https://automatismositea.com/","AGROEXPO FEVAL DON DENITO ::: 28 Ene ::: maquinaria-del-olivar-2"
"INDUSTRIAS DE LA ROSA, S.L.","https://www.industriasdelarosa.com/","AGROEXPO FEVAL DON DENITO ::: 28 Ene ::: maquinaria-del-olivar-2"
"VIBRADORES MAI","https://www.vibradoresmai.com/","AGROEXPO FEVAL DON DENITO ::: 28 Ene ::: maquinaria-del-olivar-2"
"CALDERERIA MANZANO, S.A.","https://caldereriamanzano.net/","AGROEXPO FEVAL DON DENITO ::: 28 Ene ::: maquinaria-y-equipamientos-enologicos-2"
"SOLUCIONES INTEGRALES DE LABORATOSRIO, S.L.","https://www.tecnilab.es/","AGROEXPO FEVAL DON DENITO ::: 28 Ene ::: maquinaria-y-equipamientos-enologicos-2"
"MANTENIMIENTOS Y TRANSPORTADORES, S.L","https://www.emantrasl.com/","AGROEXPO FEVAL DON DENITO ::: 28 Ene ::: maquinaria-y-productos-auxiliares-para-la-transformacion-2"
"SISTEMAS HORTOFRUTÍCOLAS MATYS, S.L.","https://www.matys.es/","AGROEXPO FEVAL DON DENITO ::: 28 Ene ::: maquinaria-y-productos-auxiliares-para-la-transformacion-2"
"AGROTRONIK ANALIZADORES, S.L.","https://agrotronik.es/","AGROEXPO FEVAL DON DENITO ::: 28 Ene ::: maquinaria-y-productos-auxiliares-para-la-transformacion-2"
"BANDAS CORTÉS, S.L.","https://www.bandascortes.com/","AGROEXPO FEVAL DON DENITO ::: 28 Ene ::: maquinaria-y-productos-auxiliares-para-la-transformacion-2"
"LASER OESTE SUBCONTRATACIONES TECNOLÓGICAS 4.0.","https://www.laseroeste.es/","AGROEXPO FEVAL DON DENITO ::: 28 Ene ::: maquinaria-y-productos-auxiliares-para-la-transformacion-2"
"ALFONSO CORTÉS, S.L.U.","https://alfonsoc.es/","AGROEXPO FEVAL DON DENITO ::: 28 Ene ::: maquinaria-y-productos-auxiliares-para-la-transformacion-2"
"INTEREMPRESAS MEDIA, S.L.","https://www.interempresas.net/PrimeraPagina/","AGROEXPO FEVAL DON DENITO ::: 28 Ene ::: prensa-tecnica-2"
"R.L. SUMINISTROS","https://rlsuministros.es/es/","AGROEXPO FEVAL DON DENITO ::: 28 Ene ::: productos-auxiliares-y-accesorios-2"
"D.ESPI","https://talleresespi.com/","AGROEXPO FEVAL DON DENITO ::: 28 Ene ::: productos-auxiliares-y-accesorios-2"
"FILTROS Y SUMINISTROS GARCIA Y FRESNEDA, S.L.","https://aovifil.com/","AGROEXPO FEVAL DON DENITO ::: 28 Ene ::: productos-auxiliares-y-accesorios-2"
"SENCROP","https://www.sencrop.com/es","AGROEXPO FEVAL DON DENITO ::: 28 Ene ::: productos-auxiliares-y-accesorios-2"
"AGROJIMENEZ HERMANOS S.L.","https://agrojimenez.com/comederos-bebederos-hormigon/?gad_source=1&gad_campaignid=1053950629&gbraid=0AAAAADEKC4WeRuuKCXvONDLdRcvdSrnwx&gclid=CjwKCAiAmp3LBhAkEiwAJM2JUP3f9VkJHE58oOeXn2VkX4LaPnMDSfg1rsyoYITdiFjqO2RdDBGOvxoCtkcQAvD_BwE","AGROEXPO FEVAL DON DENITO ::: 28 Ene ::: productos-auxiliares-y-accesorios-2"
"BALAM AGRICULTURE S.L","https://balam.es/","AGROEXPO FEVAL DON DENITO ::: 28 Ene ::: proteccion-de-cultivos-2"
"ASCENZA PRODUCTOS PARA AGRICULTURA, S.A.U.","https://ascenza.es/es","AGROEXPO FEVAL DON DENITO ::: 28 Ene ::: proteccion-de-cultivos-2"
"ASTHOR AGRICOLA, S.A.","https://asthor.com/","AGROEXPO FEVAL DON DENITO ::: 28 Ene ::: proteccion-de-cultivos-2"
"OCCIDENT GCO SAU DE SEGUROS Y REASEGUROS","https://www.occident.com/","AGROEXPO FEVAL DON DENITO ::: 28 Ene ::: seguros-agrarios-3"
"MAPFRE ESPAÑA, S.A.","https://www.mapfre.es/seguros/particulares/","AGROEXPO FEVAL DON DENITO ::: 28 Ene ::: seguros-agrarios-3"
"SECOEX RENEWABLE ENERGIES OYM, S.L.","https://secoexrenovable.com/","AGROEXPO FEVAL DON DENITO ::: 28 Ene ::: seguros-agrarios-3"
"RAGT IBÉRICA, S.L.U.","https://ragt-semillas.es/","AGROEXPO FEVAL DON DENITO ::: 28 Ene ::: semillas-3"
"KWS SEMILLAS IBÉRICA S.L.U","https://www.kws.com/es/es/","AGROEXPO FEVAL DON DENITO ::: 28 Ene ::: semillas-3"
"VALDESEMILLAS, S.L.","https://www.valdesemillas.es/","AGROEXPO FEVAL DON DENITO ::: 28 Ene ::: semillas-3"
"UNITED GENETICS ITALIA, S.P.A.","https://www.semillasjadiberica.com/","AGROEXPO FEVAL DON DENITO ::: 28 Ene ::: semillas-3"
"DXAS AGRICULTURAL TECHNOLOGY, LDA","https://www.kagome.co.jp/english/smartagri/about/","AGROEXPO FEVAL DON DENITO ::: 28 Ene ::: semillas-3"
"SYNGENTA ESPAÑA, S.A.","https://www.syngenta.es/","AGROEXPO FEVAL DON DENITO ::: 28 Ene ::: semillas-3"
"GRUPO SALIPLANT AGRO","https://granadacoating.com/","AGROEXPO FEVAL DON DENITO ::: 28 Ene ::: semillas-3"
"SOCIEDAD AGRICOLA GALLEGA, S.L.","https://soaga.com/","AGROEXPO FEVAL DON DENITO ::: 28 Ene ::: semillas-3"
"LEONESA ASTUR DE PIENSOS-LESA, S.A.","https://lesa.es/","AGROEXPO FEVAL DON DENITO ::: 28 Ene ::: semillas-3"
"MERCOGUADIANA, S.L.","https://mercoguadiana.es/","AGROEXPO FEVAL DON DENITO ::: 28 Ene ::: semillas-3"
"ALMACENES BOINA, S.L.","https://www.almacenesboina.es/","AGROEXPO FEVAL DON DENITO ::: 28 Ene ::: semillas-3"
"COMERCIAL AGROPECUARIA, S.A.T.","https://casat.es/","AGROEXPO FEVAL DON DENITO ::: 28 Ene ::: semillas-3"
"AGRIFEED, S.L.","https://www.instagram.com/agrifeedsemillas/","AGROEXPO FEVAL DON DENITO ::: 28 Ene ::: semillas-3"
"CETARSA, S.A.","https://www.cetarsa.es/","AGROEXPO FEVAL DON DENITO ::: 28 Ene ::: semillas-3"
"IFC AGRÍCOLA S.L.U","https://ifcagricola.com/","AGROEXPO FEVAL DON DENITO ::: 28 Ene ::: tratamiento-de-aguas-2"
"EXCAVACIONES ROVINALS, S.L.","https://rovinals.com/","AGROEXPO FEVAL DON DENITO ::: 28 Ene ::: tratamiento-de-aguas-2"
"TODOLIVO, S.L.","https://www.todolivo.com/","AGROEXPO FEVAL DON DENITO ::: 28 Ene ::: tratamiento-de-aguas-2"
"AGROGESTION EXTREMEÑA, S.L.","https://agrogestion.net/","AGROEXPO FEVAL DON DENITO ::: 28 Ene ::: tratamiento-de-aguas-2"
"AGROPLANTEX","https://agroplantex.es/","AGROEXPO FEVAL DON DENITO ::: 28 Ene ::: tratamiento-de-aguas-2"
"CARNES Y VEGETALES, S.L.","http://apis.es/","AGROEXPO FEVAL DON DENITO ::: 28 Ene ::: transformadoras-de-tomate-2"
"PRONAT, S.C.","http://www.pronat.com.es/","AGROEXPO FEVAL DON DENITO ::: 28 Ene ::: transformadoras-de-tomate-2"
"TOMATES DEL GUADIANA, S. COOP.","http://tomatesdelguadiana.es/","AGROEXPO FEVAL DON DENITO ::: 28 Ene ::: transformadoras-de-tomate-2"
"CETARSA- CIA ESPAÑOLA DE TABACO EN RAMA","http://www.cetarsa.es/","AGROEXPO FEVAL DON DENITO ::: 28 Ene ::: varios-3"
"LEONESA ASTUR DE PIENSOS-LESA, S.A.","https://www.lesa.es/","AGROEXPO FEVAL DON DENITO ::: 28 Ene ::: varios-3"
"MERCOGUADIANA, S.L.","https://mercoguadiana.es/agricentros/","AGROEXPO FEVAL DON DENITO ::: 28 Ene ::: varios-3"
"OEA QUALITY CERTIFICACIONES, LOVE GREEN PARTNER","https://www.instagram.com/lovegreen.project/","AGROEXPO FEVAL DON DENITO ::: 28 Ene ::: varios-3"
"PYG INSTALACIONES GANADERAS","https://www.facebook.com/p/PG-Instalaciones-Ganaderas-100089273474572/","AGROEXPO FEVAL DON DENITO ::: 28 Ene ::: varios-3"
"NATAKRIS, S.L.","https://ofertashoyeuropa.com/tienda/es/","AGROEXPO FEVAL DON DENITO ::: 28 Ene ::: varios-3"
"COCINARTETU, S.L.","https://comidaparallevarfanaticos.es/eventos/","AGROEXPO FEVAL DON DENITO ::: 28 Ene ::: varios-3"
"COMERCIAL COMAEX, S.L.","http://www.comaex.es/","AGROEXPO FEVAL DON DENITO ::: 28 Ene ::: vehiculos-elevadores-camiones-furgonetas-renting-2"
"AGROMILLORA IBERIA, S.L.U.","https://www.agromillora.com/","AGROEXPO FEVAL DON DENITO ::: 28 Ene ::: viveros-y-jardineria-2"
"VIVEROS QUALITYPLANT, S.L.U.","https://qualityplant.es/","AGROEXPO FEVAL DON DENITO ::: 28 Ene ::: viveros-y-jardineria-2"
"AGR BY DE PRADO","https://www.agrglobal.eco/","AGROEXPO FEVAL DON DENITO ::: 28 Ene ::: viveros-y-jardineria-2"
"VIVEROS MONREAL, S.L.","http://viverosmonreal.com/","AGROEXPO FEVAL DON DENITO ::: 28 Ene ::: viveros-y-jardineria-2"
"OLEUM CANARY, S.L.","https://www.oleaplant.com/es/","AGROEXPO FEVAL DON DENITO ::: 28 Ene ::: viveros-y-jardineria-2"
"TODOLIVO, S.L.","https://www.todolivo.com/","AGROEXPO FEVAL DON DENITO ::: 28 Ene ::: viveros-y-jardineria-2"
"AGROCRISARA, S.L.","https://crisagro.com/","AGROEXPO FEVAL DON DENITO ::: 28 Ene ::: viveros-y-jardineria-2"
"ENRIC REGULL, S.L.U.","https://enricregull.com/es/","AGROEXPO FEVAL DON DENITO ::: 28 Ene ::: viveros-y-jardineria-2"
"TANY NATURE","https://www.tanynature.com/","AGROEXPO FEVAL DON DENITO ::: 28 Ene ::: viveros-y-jardineria-2"
"OPFH FRUGALIA, S.L.","https://www.tanynature.com/la-opfh-frugalia-celebro-con-gran-exito-de-asistentes-y-empresas-expositoras-sus-ix-jornadas-tecnicas/","AGROEXPO FEVAL DON DENITO ::: 28 Ene ::: viveros-y-jardineria-2"
"ASTHOR AGRICOLA, S.A.","https://abristhor.com/","AGROEXPO FEVAL DON DENITO ::: 28 Ene ::: viveros-y-jardineria-2"
"NOGAL NATURE","https://www.nogalnature.com/","AGROEXPO FEVAL DON DENITO ::: 28 Ene ::: viveros-y-jardineria-2"
